perftest10@perftestpfs.com,Perftest123
perftest12@perftestpfs.com,Perftest123
perftest147@perftestpfs.com,Perftest123
perftest164@perftestpfs.com,Perftest123
perftest184@perftestpfs.com,Perftest123
perftest205@perftestpfs.com,Perftest123
perftest254@perftestpfs.com,Perftest123
perftest294@perftestpfs.com,Perftest123
perftest354@perftestpfs.com,Perftest123
perftest359@perftestpfs.com,Perftest123
perftest378@perftestpfs.com,Perftest123
perftest466@perftestpfs.com,Perftest123
perftest4@perftestpfs.com,Perftest123
perftest505@perftestpfs.com,Perftest123
perftest643@perftestpfs.com,Perftest123
perftest666@perftestpfs.com,Perftest123
perftest676@perftestpfs.com,Perftest123
perftest70@perftestpfs.com,Perftest123
perftest762@perftestpfs.com,Perftest123
perftest78@perftestpfs.com,Perftest123
perftest924@perftestpfs.com,Perftest123
perftest925@perftestpfs.com,Perftest123
perftest938@perftestpfs.com,Perftest123
perftest951@perftestpfs.com,Perftest123
perftest611@perftestpfs.com,Perftest123
sellertest111@perftestpfs.com,Perftest123
sellertest137@perftestpfs.com,Perftest123
sellertest167@perftestpfs.com,Perftest123
sellertest111@perftestpfs.com,Perftest123
sellertest177@perftestpfs.com,Perftest123
sellertest180@perftestpfs.com,Perftest123
sellertest191@perftestpfs.com,Perftest123
sellertest19@perftestpfs.com,Perftest123
sellertest276@perftestpfs.com,Perftest123
sellertest32@perftestpfs.com,Perftest123
sellertest33@perftestpfs.com,Perftest123
sellertest388@perftestpfs.com,Perftest123
sellertest400@perftestpfs.com,Perftest123
sellertest480@perftestpfs.com,Perftest123
sellertest482@perftestpfs.com,Perftest123
sellertest48@perftestpfs.com,Perftest123
sellertest497@perftestpfs.com,Perftest123
sellertest590@perftestpfs.com,Perftest123
sellertest614@perftestpfs.com,Perftest123
sellertest637@perftestpfs.com,Perftest123
sellertest77@perftestpfs.com,Perftest123
sellertest785@perftestpfs.com,Perftest123
sellertest828@perftestpfs.com,Perftest123
sellertest974@perftestpfs.com,Perftest123
seller3test193@perftestpfs.com,Perftest123
seller3test224@perftestpfs.com,Perftest123
seller3test228@perftestpfs.com,Perftest123
seller3test27@perftestpfs.com,Perftest123
seller3test2@perftestpfs.com,Perftest123
seller3test296@perftestpfs.com,Perftest123
seller3test332@perftestpfs.com,Perftest123
seller3test334@perftestpfs.com,Perftest123
seller3test378@perftestpfs.com,Perftest123
seller3test386@perftestpfs.com,Perftest123
seller3test38@perftestpfs.com,Perftest123
seller3test463@perftestpfs.com,Perftest123
seller3test550@perftestpfs.com,Perftest123
seller3test552@perftestpfs.com,Perftest123
seller3test555@perftestpfs.com,Perftest123
seller3test602@perftestpfs.com,Perftest123
seller3test606@perftestpfs.com,Perftest123
seller3test628@perftestpfs.com,Perftest123
seller3test70@perftestpfs.com,Perftest123
seller3test840@perftestpfs.com,Perftest123
seller3test874@perftestpfs.com,Perftest123
seller3test87@perftestpfs.com,Perftest123
seller3test929@perftestpfs.com,Perftest123
seller3test943@perftestpfs.com,Perftest123
seller3test970@perftestpfs.com,Perftest123
seller4test135@perftestpfs.com,Perftest123
seller4test15@perftestpfs.com,Perftest123
seller4test183@perftestpfs.com,Perftest123
seller4test209@perftestpfs.com,Perftest123
seller4test225@perftestpfs.com,Perftest123
seller4test318@perftestpfs.com,Perftest123
seller4test432@perftestpfs.com,Perftest123
seller4test47@perftestpfs.com,Perftest123
seller4test511@perftestpfs.com,Perftest123
seller4test549@perftestpfs.com,Perftest123
seller4test603@perftestpfs.com,Perftest123
seller4test606@perftestpfs.com,Perftest123
seller4test609@perftestpfs.com,Perftest123
seller4test648@perftestpfs.com,Perftest123
seller4test667@perftestpfs.com,Perftest123
seller4test694@perftestpfs.com,Perftest123
seller4test709@perftestpfs.com,Perftest123
seller4test721@perftestpfs.com,Perftest123
seller4test730@perftestpfs.com,Perftest123
seller4test779@perftestpfs.com,Perftest123
seller4test865@perftestpfs.com,Perftest123
seller4test945@perftestpfs.com,Perftest123
seller4test95@perftestpfs.com,Perftest123
seller4test961@perftestpfs.com,Perftest123
seller4test383@perftestpfs.com,Perftest123
seller4test176@perftestpfs.com,Perftest123
